epoch,train_loss,val_loss,val_f1
1,0.2561871720600128,0.21691922378540038,0.0
2,0.21331303355693818,0.1929644790649414,0.0
3,0.19486633167266845,0.1805958711385727,0.0
4,0.18297258071422576,0.16746203331947326,0.0
5,0.17385382227897644,0.16276921911239625,0.0
6,0.16700539654254914,0.16019643359184266,0.0
7,0.1605163832426071,0.15393304312229156,0.0
8,0.15527400652885437,0.15038708963394165,0.0
9,0.15038250425338745,0.15149644303321838,0.0
10,0.14696108404159547,0.14504138174057007,0.0
